"id","pid","rid","rdid","imagepath","detail","crtime","created","checked","status","check","uid","updated","count","remark","rname","uname","iname","filesize","height","check_uid","check_num","width","cctime","accept_check","accept_check_num","accept_cctime","accept_check_uid","label_counts","is_per","thumb_img","pcd_path","filetype","classifications"
"2677089","8971","7795","1826067","https://jxxl-tagtag-juexing.oss-cn-hangzhou.aliyuncs.com/4020/2021/04/26/52e28ea1efdcf47fbb5cd8be0db03835.jpg","{""svgArr"": [{""name"": ""fines"", ""uuid"": ""e82219a0-a144-4887-b02c-1a71461556e0"", ""radius"": 3, ""isFilling"": ""False"", ""related"": [], ""id"": ""d8f0331f-b84e-4be5-b274-6fe5e8b606b5"", ""color"": ""#468f00"", ""subarea"": 1, ""tool"": ""rectangle"", ""isClosed"": ""True"", ""mustShow"": ""False"", ""secondaryLabel"": [], ""min"": ""130*130"", ""strokeW"": 1.5, ""data"": [{""x"": 354, ""y"": 0}, {""x"": 732, ""y"": 0}, {""x"": 732, ""y"": 372}, {""x"": 354, ""y"": 372}]}], ""classification"": []}","0","1619438165","0","0","0","0","0","0",,"Master.MR.1.RE/mrf_data/grundon/10/2020081012/",,"5621_977192.jpg","344225","1536","0","0","2048",,"0","0","0","0","0","0","https://jxxl-tagtag-juexing.oss-cn-hangzhou.aliyuncs.com/4020/2021/04/26/52e28ea1efdcf47fbb5cd8be0db03835.jpg?x-oss-process=image/resize,m_lfit,h_100,w_100","''","0",
"2677090","8971","7795","1826069","https://jxxl-tagtag-juexing.oss-cn-hangzhou.aliyuncs.com/4020/2021/04/26/e41643f37b33752d76a7247c500a4e6b.jpg","{""svgArr"": [{""name"": ""fines"", ""uuid"": ""85467130-4114-4b84-af87-93a6eebf72e9"", ""radius"": 3, ""isFilling"": ""False"", ""related"": [], ""id"": ""d8f0331f-b84e-4be5-b274-6fe5e8b606b5"", ""color"": ""#468f00"", ""subarea"": 1, ""tool"": ""rectangle"", ""isClosed"": ""True"", ""mustShow"": ""False"", ""secondaryLabel"": [], ""min"": ""130*130"", ""strokeW"": 1.5, ""data"": [{""x"": 663, ""y"": 447}, {""x"": 1067, ""y"": 447}, {""x"": 1067, ""y"": 1062}, {""x"": 663, ""y"": 1062}]}], ""classification"": []}","0","1619438165","0","0","0","0","0","0",,"Master.MR.1.RE/mrf_data/grundon/10/2020081012/",,"5623_917580.jpg","347219","1536","0","0","2048",,"0","0","0","0","0","0","https://jxxl-tagtag-juexing.oss-cn-hangzhou.aliyuncs.com/4020/2021/04/26/e41643f37b33752d76a7247c500a4e6b.jpg?x-oss-process=image/resize,m_lfit,h_100,w_100","''","0",
"2677091","8971","7795","1826071","https://jxxl-tagtag-juexing.oss-cn-hangzhou.aliyuncs.com/4020/2021/04/26/16145631380f764200c3b74ddba10df7.jpg","{""svgArr"": [{""name"": ""fines"", ""uuid"": ""176223b6-aad0-4142-9c67-48c5f51d2e02"", ""radius"": 3, ""isFilling"": ""False"", ""related"": [], ""id"": ""d8f0331f-b84e-4be5-b274-6fe5e8b606b5"", ""color"": ""#468f00"", ""subarea"": 1, ""tool"": ""rectangle"", ""isClosed"": ""True"", ""mustShow"": ""False"", ""secondaryLabel"": [], ""min"": ""130*130"", ""strokeW"": 1.5, ""data"": [{""x"": 644, ""y"": 0}, {""x"": 1049, ""y"": 0}, {""x"": 1049, ""y"": 462}, {""x"": 644, ""y"": 462}]}], ""classification"": []}","0","1619438165","0","0","0","0","0","0",,"Master.MR.1.RE/mrf_data/grundon/10/2020081012/",,"5624_294985.jpg","342123","1536","0","0","2048",,"0","0","0","0","0","0","https://jxxl-tagtag-juexing.oss-cn-hangzhou.aliyuncs.com/4020/2021/04/26/16145631380f764200c3b74ddba10df7.jpg?x-oss-process=image/resize,m_lfit,h_100,w_100","''","0",
"2677092","8971","7795","1826073","https://jxxl-tagtag-juexing.oss-cn-hangzhou.aliyuncs.com/4020/2021/04/26/8caf5e007277b2ae906cf4df8cc75067.jpg","{""svgArr"": [{""name"": ""fines"", ""uuid"": ""50906d35-457c-42a9-824f-4999710a1916"", ""radius"": 3, ""isFilling"": ""False"", ""related"": [], ""id"": ""d8f0331f-b84e-4be5-b274-6fe5e8b606b5"", ""color"": ""#468f00"", ""subarea"": 1, ""tool"": ""rectangle"", ""isClosed"": ""True"", ""mustShow"": ""False"", ""secondaryLabel"": [], ""min"": ""130*130"", ""strokeW"": 1.5, ""data"": [{""x"": 396, ""y"": 471}, {""x"": 800, ""y"": 471}, {""x"": 800, ""y"": 1009}, {""x"": 396, ""y"": 1009}]}], ""classification"": []}","0","1619438165","0","0","0","0","0","0",,"Master.MR.1.RE/mrf_data/grundon/10/2020081012/",,"5631_465784.jpg","343151","1536","0","0","2048",,"0","0","0","0","0","0","https://jxxl-tagtag-juexing.oss-cn-hangzhou.aliyuncs.com/4020/2021/04/26/8caf5e007277b2ae906cf4df8cc75067.jpg?x-oss-process=image/resize,m_lfit,h_100,w_100","''","0",
"2677093","8971","7795","1826075","https://jxxl-tagtag-juexing.oss-cn-hangzhou.aliyuncs.com/4020/2021/04/26/8b2e01abc19ee092daa67efb0d554d6d.jpg","{""svgArr"": [{""name"": ""fines"", ""uuid"": ""95e62347-b8b2-4e1c-bec5-de3dc81e51f2"", ""radius"": 3, ""isFilling"": ""False"", ""related"": [], ""id"": ""d8f0331f-b84e-4be5-b274-6fe5e8b606b5"", ""color"": ""#468f00"", ""subarea"": 1, ""tool"": ""rectangle"", ""isClosed"": ""True"", ""mustShow"": ""False"", ""secondaryLabel"": [], ""min"": ""130*130"", ""strokeW"": 1.5, ""data"": [{""x"": 376, ""y"": 387}, {""x"": 737, ""y"": 387}, {""x"": 737, ""y"": 701}, {""x"": 376, ""y"": 701}]}, {""name"": ""fines"", ""uuid"": ""4d9620ae-addf-4bb9-9294-bd27a75616b6"", ""radius"": 3, ""isFilling"": ""False"", ""related"": [], ""id"": ""d8f0331f-b84e-4be5-b274-6fe5e8b606b5"", ""color"": ""#468f00"", ""subarea"": 1, ""tool"": ""rectangle"", ""isClosed"": ""True"", ""mustShow"": ""False"", ""secondaryLabel"": [], ""min"": ""130*130"", ""strokeW"": 1.5, ""data"": [{""x"": 587, ""y"": 41}, {""x"": 1065, ""y"": 41}, {""x"": 1065, ""y"": 503}, {""x"": 587, ""y"": 503}]}, {""name"": ""fines"", ""uuid"": ""f726473a-f7fa-4f6d-a8f1-f1a210368590"", ""radius"": 3, ""isFilling"": ""False"", ""related"": [], ""id"": ""d8f0331f-b84e-4be5-b274-6fe5e8b606b5"", ""color"": ""#468f00"", ""subarea"": 1, ""tool"": ""rectangle"", ""isClosed"": ""True"", ""mustShow"": ""False"", ""secondaryLabel"": [], ""min"": ""130*130"", ""strokeW"": 1.5, ""data"": [{""x"": 1211, ""y"": 161}, {""x"": 1267, ""y"": 161}, {""x"": 1267, ""y"": 232}, {""x"": 1211, ""y"": 232}]}], ""classification"": []}","0","1619438165","0","0","0","0","0","0",,"Master.MR.1.RE/mrf_data/grundon/10/2020081012/",,"5634_515966.jpg","352788","1536","0","0","2048",,"0","0","0","0","0","0","https://jxxl-tagtag-juexing.oss-cn-hangzhou.aliyuncs.com/4020/2021/04/26/8b2e01abc19ee092daa67efb0d554d6d.jpg?x-oss-process=image/resize,m_lfit,h_100,w_100","''","0",
"2677094","8971","7795","1826077","https://jxxl-tagtag-juexing.oss-cn-hangzhou.aliyuncs.com/4020/2021/04/26/1d0eeea508e5c44657874902eabe3fdd.jpg","{""svgArr"": [{""name"": ""fines"", ""uuid"": ""1291918d-e869-442a-b624-3768a237b583"", ""radius"": 3, ""isFilling"": ""False"", ""related"": [], ""id"": ""d8f0331f-b84e-4be5-b274-6fe5e8b606b5"", ""color"": ""#468f00"", ""subarea"": 1, ""tool"": ""rectangle"", ""isClosed"": ""True"", ""mustShow"": ""False"", ""secondaryLabel"": [], ""min"": ""130*130"", ""strokeW"": 1.5, ""data"": [{""x"": 375, ""y"": 0}, {""x"": 875, ""y"": 0}, {""x"": 875, ""y"": 669}, {""x"": 375, ""y"": 669}]}], ""classification"": []}","0","1619438165","0","0","0","0","0","0",,"Master.MR.1.RE/mrf_data/grundon/10/2020081012/",,"5642_835482.jpg","352330","1536","0","0","2048",,"0","0","0","0","0","0","https://jxxl-tagtag-juexing.oss-cn-hangzhou.aliyuncs.com/4020/2021/04/26/1d0eeea508e5c44657874902eabe3fdd.jpg?x-oss-process=image/resize,m_lfit,h_100,w_100","''","0",
"2677095","8971","7795","1826079","https://jxxl-tagtag-juexing.oss-cn-hangzhou.aliyuncs.com/4020/2021/04/26/f43ab3a4e70df43cea2783de5e6ecdf9.jpg","{""svgArr"": [{""name"": ""fines"", ""uuid"": ""53adcb4f-61fa-4602-a07b-77d03b428953"", ""radius"": 3, ""isFilling"": ""False"", ""related"": [], ""id"": ""d8f0331f-b84e-4be5-b274-6fe5e8b606b5"", ""color"": ""#468f00"", ""subarea"": 1, ""tool"": ""rectangle"", ""isClosed"": ""True"", ""mustShow"": ""False"", ""secondaryLabel"": [], ""min"": ""130*130"", ""strokeW"": 1.5, ""data"": [{""x"": 807, ""y"": 1084}, {""x"": 1009, ""y"": 1084}, {""x"": 1009, ""y"": 1326}, {""x"": 807, ""y"": 1326}]}], ""classification"": []}","0","1619438165","0","0","0","0","0","0",,"Master.MR.1.RE/mrf_data/grundon/10/2020081012/",,"5645_439645.jpg","333376","1536","0","0","2048",,"0","0","0","0","0","0","https://jxxl-tagtag-juexing.oss-cn-hangzhou.aliyuncs.com/4020/2021/04/26/f43ab3a4e70df43cea2783de5e6ecdf9.jpg?x-oss-process=image/resize,m_lfit,h_100,w_100","''","0",
"2677096","8971","7795","1826081","https://jxxl-tagtag-juexing.oss-cn-hangzhou.aliyuncs.com/4020/2021/04/26/29e4d0e8c93fdf948ba2c8cfbc304d75.jpg","{""svgArr"": [{""name"": ""fines"", ""uuid"": ""7cbfe975-1305-4f11-a7ac-8f9d4bbbd6df"", ""radius"": 3, ""isFilling"": ""False"", ""related"": [], ""id"": ""d8f0331f-b84e-4be5-b274-6fe5e8b606b5"", ""color"": ""#468f00"", ""subarea"": 1, ""tool"": ""rectangle"", ""isClosed"": ""True"", ""mustShow"": ""False"", ""secondaryLabel"": [], ""min"": ""130*130"", ""strokeW"": 1.5, ""data"": [{""x"": 792, ""y"": 504}, {""x"": 994, ""y"": 504}, {""x"": 994, ""y"": 753}, {""x"": 792, ""y"": 753}]}], ""classification"": []}","0","1619438165","0","0","0","0","0","0",,"Master.MR.1.RE/mrf_data/grundon/10/2020081012/",,"5645_906648.jpg","334576","1536","0","0","2048",,"0","0","0","0","0","0","https://jxxl-tagtag-juexing.oss-cn-hangzhou.aliyuncs.com/4020/2021/04/26/29e4d0e8c93fdf948ba2c8cfbc304d75.jpg?x-oss-process=image/resize,m_lfit,h_100,w_100","''","0",
"2677097","8971","7795","1826083","https://jxxl-tagtag-juexing.oss-cn-hangzhou.aliyuncs.com/4020/2021/04/26/1e3944b94252e0093d0cf8f25bb880d9.jpg","{""svgArr"": [{""name"": ""fines"", ""uuid"": ""9d527192-72c1-4901-aa63-21238b8ebe22"", ""radius"": 3, ""isFilling"": ""False"", ""related"": [], ""id"": ""d8f0331f-b84e-4be5-b274-6fe5e8b606b5"", ""color"": ""#468f00"", ""subarea"": 1, ""tool"": ""rectangle"", ""isClosed"": ""True"", ""mustShow"": ""False"", ""secondaryLabel"": [], ""min"": ""130*130"", ""strokeW"": 1.5, ""data"": [{""x"": 675, ""y"": 105}, {""x"": 979, ""y"": 105}, {""x"": 979, ""y"": 589}, {""x"": 675, ""y"": 589}]}, {""name"": ""fines"", ""uuid"": ""54d13805-d290-4eb5-9daa-41316a980b1e"", ""radius"": 3, ""isFilling"": ""False"", ""related"": [], ""id"": ""d8f0331f-b84e-4be5-b274-6fe5e8b606b5"", ""color"": ""#468f00"", ""subarea"": 1, ""tool"": ""rectangle"", ""isClosed"": ""True"", ""mustShow"": ""False"", ""secondaryLabel"": [], ""min"": ""130*130"", ""strokeW"": 1.5, ""data"": [{""x"": 482, ""y"": 1152}, {""x"": 743, ""y"": 1152}, {""x"": 743, ""y"": 1534}, {""x"": 482, ""y"": 1534}]}, {""name"": ""fines"", ""uuid"": ""0d0b1075-d73a-459e-a39f-40b548464a7c"", ""radius"": 3, ""isFilling"": ""False"", ""related"": [], ""id"": ""d8f0331f-b84e-4be5-b274-6fe5e8b606b5"", ""color"": ""#468f00"", ""subarea"": 1, ""tool"": ""rectangle"", ""isClosed"": ""True"", ""mustShow"": ""False"", ""secondaryLabel"": [], ""min"": ""130*130"", ""strokeW"": 1.5, ""data"": [{""x"": 1406, ""y"": 1081}, {""x"": 1696, ""y"": 1081}, {""x"": 1696, ""y"": 1534}, {""x"": 1406, ""y"": 1534}]}], ""classification"": []}","0","1619438165","0","0","0","0","0","0",,"Master.MR.1.RE/mrf_data/grundon/10/2020081012/",,"5652_356794.jpg","351569","1536","0","0","2048",,"0","0","0","0","0","0","https://jxxl-tagtag-juexing.oss-cn-hangzhou.aliyuncs.com/4020/2021/04/26/1e3944b94252e0093d0cf8f25bb880d9.jpg?x-oss-process=image/resize,m_lfit,h_100,w_100","''","0",
"2677098","8971","7795","1826085","https://jxxl-tagtag-juexing.oss-cn-hangzhou.aliyuncs.com/4020/2021/04/26/bed0c41fa28c90fbb8cd8415a02af777.jpg","{""svgArr"": [{""name"": ""fines"", ""uuid"": ""fe34be55-8235-42f2-9293-fd7e027e99f9"", ""radius"": 3, ""isFilling"": ""False"", ""related"": [], ""id"": ""d8f0331f-b84e-4be5-b274-6fe5e8b606b5"", ""color"": ""#468f00"", ""subarea"": 1, ""tool"": ""rectangle"", ""isClosed"": ""True"", ""mustShow"": ""False"", ""secondaryLabel"": [], ""min"": ""130*130"", ""strokeW"": 1.5, ""data"": [{""x"": 1466, ""y"": 1378}, {""x"": 1694, ""y"": 1378}, {""x"": 1694, ""y"": 1534}, {""x"": 1466, ""y"": 1534}]}, {""name"": ""fines"", ""uuid"": ""19b1267e-e5c0-4fe5-8bca-74e8c4d77111"", ""radius"": 3, ""isFilling"": ""False"", ""related"": [], ""id"": ""d8f0331f-b84e-4be5-b274-6fe5e8b606b5"", ""color"": ""#468f00"", ""subarea"": 1, ""tool"": ""rectangle"", ""isClosed"": ""True"", ""mustShow"": ""False"", ""secondaryLabel"": [], ""min"": ""130*130"", ""strokeW"": 1.5, ""data"": [{""x"": 1271, ""y"": 828}, {""x"": 1507, ""y"": 828}, {""x"": 1507, ""y"": 1368}, {""x"": 1271, ""y"": 1368}]}, {""name"": ""fines"", ""uuid"": ""2f42983d-b52b-4328-98b2-d1d400fcb03e"", ""radius"": 3, ""isFilling"": ""False"", ""related"": [], ""id"": ""d8f0331f-b84e-4be5-b274-6fe5e8b606b5"", ""color"": ""#468f00"", ""subarea"": 1, ""tool"": ""rectangle"", ""isClosed"": ""True"", ""mustShow"": ""False"", ""secondaryLabel"": [], ""min"": ""130*130"", ""strokeW"": 1.5, ""data"": [{""x"": 1458, ""y"": 0}, {""x"": 1674, ""y"": 0}, {""x"": 1674, ""y"": 456}, {""x"": 1458, ""y"": 456}]}, {""name"": ""fines"", ""uuid"": ""67c59640-11ae-4d61-bb56-40d4883eb51c"", ""radius"": 3, ""isFilling"": ""False"", ""related"": [], ""id"": ""d8f0331f-b84e-4be5-b274-6fe5e8b606b5"", ""color"": ""#468f00"", ""subarea"": 1, ""tool"": ""rectangle"", ""isClosed"": ""True"", ""mustShow"": ""False"", ""secondaryLabel"": [], ""min"": ""130*130"", ""strokeW"": 1.5, ""data"": [{""x"": 446, ""y"": 0}, {""x"": 716, ""y"": 0}, {""x"": 716, ""y"": 423}, {""x"": 446, ""y"": 423}]}], ""classification"": []}","0","1619438165","0","0","0","0","0","0",,"Master.MR.1.RE/mrf_data/grundon/10/2020081012/",,"5653_089962.jpg","344980","1536","0","0","2048",,"0","0","0","0","0","0","https://jxxl-tagtag-juexing.oss-cn-hangzhou.aliyuncs.com/4020/2021/04/26/bed0c41fa28c90fbb8cd8415a02af777.jpg?x-oss-process=image/resize,m_lfit,h_100,w_100","''","0",
"2677099","8971","7795","1826087","https://jxxl-tagtag-juexing.oss-cn-hangzhou.aliyuncs.com/4020/2021/04/26/6e1cac1e01023b131639639eb0dff986.jpg","{""svgArr"": [{""name"": ""fines"", ""uuid"": ""01671091-fd49-48d0-a3f3-b7d8976bf0d7"", ""radius"": 3, ""isFilling"": ""False"", ""related"": [], ""id"": ""d8f0331f-b84e-4be5-b274-6fe5e8b606b5"", ""color"": ""#468f00"", ""subarea"": 1, ""tool"": ""rectangle"", ""isClosed"": ""True"", ""mustShow"": ""False"", ""secondaryLabel"": [], ""min"": ""130*130"", ""strokeW"": 1.5, ""data"": [{""x"": 550, ""y"": 1096}, {""x"": 1148, ""y"": 1096}, {""x"": 1148, ""y"": 1391}, {""x"": 550, ""y"": 1391}]}], ""classification"": []}","0","1619438165","0","0","0","0","0","0",,"Master.MR.1.RE/mrf_data/grundon/10/2020081012/",,"5701_034218.jpg","340034","1536","0","0","2048",,"0","0","0","0","0","0","https://jxxl-tagtag-juexing.oss-cn-hangzhou.aliyuncs.com/4020/2021/04/26/6e1cac1e01023b131639639eb0dff986.jpg?x-oss-process=image/resize,m_lfit,h_100,w_100","''","0",
"2677100","8971","7795","1826089","https://jxxl-tagtag-juexing.oss-cn-hangzhou.aliyuncs.com/4020/2021/04/26/7cad255af9d16ffbbb99ad58d9f135cf.jpg","{""svgArr"": [{""name"": ""other_plastic"", ""uuid"": ""b03ce179-83a1-4043-8683-aaf7af8769dc"", ""radius"": 3, ""isFilling"": ""False"", ""related"": [], ""id"": ""77db59a4-46ad-49e7-8c32-99c100db4406"", ""color"": ""#19C919"", ""subarea"": 1, ""tool"": ""rectangle"", ""isClosed"": ""True"", ""mustShow"": ""False"", ""secondaryLabel"": [], ""min"": ""130*130"", ""strokeW"": 1.5, ""data"": [{""x"": 347, ""y"": 473}, {""x"": 827, ""y"": 473}, {""x"": 827, ""y"": 1109}, {""x"": 347, ""y"": 1109}]}], ""classification"": []}","0","1619438165","0","0","0","0","0","0",,"Master.MR.1.RE/mrf_data/grundon/10/2020081012/",,"5704_105425.jpg","355952","1536","0","0","2048",,"0","0","0","0","0","0","https://jxxl-tagtag-juexing.oss-cn-hangzhou.aliyuncs.com/4020/2021/04/26/7cad255af9d16ffbbb99ad58d9f135cf.jpg?x-oss-process=image/resize,m_lfit,h_100,w_100","''","0",
"2677101","8971","7795","1826091","https://jxxl-tagtag-juexing.oss-cn-hangzhou.aliyuncs.com/4020/2021/04/26/3320c7893a238c3879fd5ca1e3324baa.jpg","{""svgArr"": [{""name"": ""fines"", ""uuid"": ""3cf60330-869c-438a-bc0b-65e170f8f33e"", ""radius"": 3, ""isFilling"": ""False"", ""related"": [], ""id"": ""d8f0331f-b84e-4be5-b274-6fe5e8b606b5"", ""color"": ""#468f00"", ""subarea"": 1, ""tool"": ""rectangle"", ""isClosed"": ""True"", ""mustShow"": ""False"", ""secondaryLabel"": [], ""min"": ""130*130"", ""strokeW"": 1.5, ""data"": [{""x"": 916, ""y"": 638}, {""x"": 1306, ""y"": 638}, {""x"": 1306, ""y"": 1093}, {""x"": 916, ""y"": 1093}]}, {""name"": ""fines"", ""uuid"": ""04d6ad88-6e88-45b4-a5d4-9744a56ff568"", ""radius"": 3, ""isFilling"": ""False"", ""related"": [], ""id"": ""d8f0331f-b84e-4be5-b274-6fe5e8b606b5"", ""color"": ""#468f00"", ""subarea"": 1, ""tool"": ""rectangle"", ""isClosed"": ""True"", ""mustShow"": ""False"", ""secondaryLabel"": [], ""min"": ""130*130"", ""strokeW"": 1.5, ""data"": [{""x"": 368, ""y"": 1054}, {""x"": 1043, ""y"": 1054}, {""x"": 1043, ""y"": 1512}, {""x"": 368, ""y"": 1512}]}], ""classification"": []}","0","1619438165","0","0","0","0","0","0",,"Master.MR.1.RE/mrf_data/grundon/10/2020081012/",,"5720_373876.jpg","361859","1536","0","0","2048",,"0","0","0","0","0","0","https://jxxl-tagtag-juexing.oss-cn-hangzhou.aliyuncs.com/4020/2021/04/26/3320c7893a238c3879fd5ca1e3324baa.jpg?x-oss-process=image/resize,m_lfit,h_100,w_100","''","0",
"2677102","8971","7795","1826093","https://jxxl-tagtag-juexing.oss-cn-hangzhou.aliyuncs.com/4020/2021/04/26/8c47e9c123e9826d6f7dc0e0db9b93e0.jpg","{""svgArr"": [{""name"": ""fines"", ""uuid"": ""712f259b-34f6-4865-8848-bc4a938a65bf"", ""radius"": 3, ""isFilling"": ""False"", ""related"": [], ""id"": ""d8f0331f-b84e-4be5-b274-6fe5e8b606b5"", ""color"": ""#468f00"", ""subarea"": 1, ""tool"": ""rectangle"", ""isClosed"": ""True"", ""mustShow"": ""False"", ""secondaryLabel"": [], ""min"": ""130*130"", ""strokeW"": 1.5, ""data"": [{""x"": 1164, ""y"": 1246}, {""x"": 1424, ""y"": 1246}, {""x"": 1424, ""y"": 1534}, {""x"": 1164, ""y"": 1534}]}, {""name"": ""fines"", ""uuid"": ""a8b61d34-a9ea-40cb-93d3-f1d514ed91e8"", ""radius"": 3, ""isFilling"": ""False"", ""related"": [], ""id"": ""d8f0331f-b84e-4be5-b274-6fe5e8b606b5"", ""color"": ""#468f00"", ""subarea"": 1, ""tool"": ""rectangle"", ""isClosed"": ""True"", ""mustShow"": ""False"", ""secondaryLabel"": [], ""min"": ""130*130"", ""strokeW"": 1.5, ""data"": [{""x"": 935, ""y"": 462}, {""x"": 1651, ""y"": 462}, {""x"": 1651, ""y"": 998}, {""x"": 935, ""y"": 998}]}, {""name"": ""corrugated_cardboard"", ""uuid"": ""954c906e-d955-4b3c-9574-8929ddf18d66"", ""radius"": 3, ""isFilling"": ""False"", ""related"": [], ""id"": ""5c8cb006-b378-44e9-b19e-46e593150b88"", ""color"": ""#4b36a8"", ""subarea"": 1, ""tool"": ""rectangle"", ""isClosed"": ""True"", ""mustShow"": ""False"", ""secondaryLabel"": [], ""min"": ""130*130"", ""strokeW"": 1.5, ""data"": [{""x"": 994, ""y"": 0}, {""x"": 1276, ""y"": 0}, {""x"": 1276, ""y"": 202}, {""x"": 994, ""y"": 202}]}], ""classification"": []}","0","1619438165","0","0","0","0","0","0",,"Master.MR.1.RE/mrf_data/grundon/10/2020081012/",,"5758_034568.jpg","365147","1536","0","0","2048",,"0","0","0","0","0","0","https://jxxl-tagtag-juexing.oss-cn-hangzhou.aliyuncs.com/4020/2021/04/26/8c47e9c123e9826d6f7dc0e0db9b93e0.jpg?x-oss-process=image/resize,m_lfit,h_100,w_100","''","0",
"2677103","8971","7795","1826096","https://jxxl-tagtag-juexing.oss-cn-hangzhou.aliyuncs.com/4020/2021/04/26/bb353b256158c2536b4ea95ad3916d81.jpg","{""svgArr"": [{""name"": ""fines"", ""uuid"": ""7a33743a-3f7f-4429-abd5-3a57821a311b"", ""radius"": 3, ""isFilling"": ""False"", ""related"": [], ""id"": ""d8f0331f-b84e-4be5-b274-6fe5e8b606b5"", ""color"": ""#468f00"", ""subarea"": 1, ""tool"": ""rectangle"", ""isClosed"": ""True"", ""mustShow"": ""False"", ""secondaryLabel"": [], ""min"": ""130*130"", ""strokeW"": 1.5, ""data"": [{""x"": 1075, ""y"": 152}, {""x"": 1251, ""y"": 152}, {""x"": 1251, ""y"": 359}, {""x"": 1075, ""y"": 359}]}], ""classification"": []}","0","1619438165","0","0","0","0","0","0",,"Master.MR.1.RE/mrf_data/grundon/10/2020081012/",,"5810_596729.jpg","329751","1536","0","0","2048",,"0","0","0","0","0","0","https://jxxl-tagtag-juexing.oss-cn-hangzhou.aliyuncs.com/4020/2021/04/26/bb353b256158c2536b4ea95ad3916d81.jpg?x-oss-process=image/resize,m_lfit,h_100,w_100","''","0",
"2677104","8971","7795","1826097","https://jxxl-tagtag-juexing.oss-cn-hangzhou.aliyuncs.com/4020/2021/04/26/8f8eb068031ba808f594998e641a2006.jpg","{""svgArr"": [{""name"": ""fines"", ""uuid"": ""fb80dbcc-3f19-4ce6-9d61-e5dad6c5c72d"", ""radius"": 3, ""isFilling"": ""False"", ""related"": [], ""id"": ""d8f0331f-b84e-4be5-b274-6fe5e8b606b5"", ""color"": ""#468f00"", ""subarea"": 1, ""tool"": ""rectangle"", ""isClosed"": ""True"", ""mustShow"": ""False"", ""secondaryLabel"": [], ""min"": ""130*130"", ""strokeW"": 1.5, ""data"": [{""x"": 1391, ""y"": 955}, {""x"": 1675, ""y"": 955}, {""x"": 1675, ""y"": 1231}, {""x"": 1391, ""y"": 1231}]}, {""name"": ""fines"", ""uuid"": ""25f7ebe0-9a52-479f-8be3-151141d50513"", ""radius"": 3, ""isFilling"": ""False"", ""related"": [], ""id"": ""d8f0331f-b84e-4be5-b274-6fe5e8b606b5"", ""color"": ""#468f00"", ""subarea"": 1, ""tool"": ""rectangle"", ""isClosed"": ""True"", ""mustShow"": ""False"", ""secondaryLabel"": [], ""min"": ""130*130"", ""strokeW"": 1.5, ""data"": [{""x"": 1564, ""y"": 29}, {""x"": 1663, ""y"": 29}, {""x"": 1663, ""y"": 152}, {""x"": 1564, ""y"": 152}]}], ""classification"": []}","0","1619438165","0","0","0","0","0","0",,"Master.MR.1.RE/mrf_data/grundon/10/2020081012/",,"5812_543225.jpg","331959","1536","0","0","2048",,"0","0","0","0","0","0","https://jxxl-tagtag-juexing.oss-cn-hangzhou.aliyuncs.com/4020/2021/04/26/8f8eb068031ba808f594998e641a2006.jpg?x-oss-process=image/resize,m_lfit,h_100,w_100","''","0",
"2677105","8971","7795","1826099","https://jxxl-tagtag-juexing.oss-cn-hangzhou.aliyuncs.com/4020/2021/04/26/9950c43c060e182bb7e6ea80125caa2a.jpg","{""svgArr"": [{""name"": ""fines"", ""uuid"": ""48004242-a428-49e4-8a15-3b563470d6c3"", ""radius"": 3, ""isFilling"": ""False"", ""related"": [], ""id"": ""d8f0331f-b84e-4be5-b274-6fe5e8b606b5"", ""color"": ""#468f00"", ""subarea"": 1, ""tool"": ""rectangle"", ""isClosed"": ""True"", ""mustShow"": ""False"", ""secondaryLabel"": [], ""min"": ""130*130"", ""strokeW"": 1.5, ""data"": [{""x"": 576, ""y"": 573}, {""x"": 1102, ""y"": 573}, {""x"": 1102, ""y"": 880}, {""x"": 576, ""y"": 880}]}], ""classification"": []}","0","1619438165","0","0","0","0","0","0",,"Master.MR.1.RE/mrf_data/grundon/10/2020081012/",,"5900_371320.jpg","343832","1536","0","0","2048",,"0","0","0","0","0","0","https://jxxl-tagtag-juexing.oss-cn-hangzhou.aliyuncs.com/4020/2021/04/26/9950c43c060e182bb7e6ea80125caa2a.jpg?x-oss-process=image/resize,m_lfit,h_100,w_100","''","0",
"2677106","8971","7795","1826101","https://jxxl-tagtag-juexing.oss-cn-hangzhou.aliyuncs.com/4020/2021/04/26/bff7d4c7f429c86ff6d867c3a3270394.jpg","{""svgArr"": [{""name"": ""fines"", ""uuid"": ""c94b546d-a88f-4ed7-96a2-65b60eb82f81"", ""radius"": 3, ""isFilling"": ""False"", ""related"": [], ""id"": ""d8f0331f-b84e-4be5-b274-6fe5e8b606b5"", ""color"": ""#468f00"", ""subarea"": 1, ""tool"": ""rectangle"", ""isClosed"": ""True"", ""mustShow"": ""False"", ""secondaryLabel"": [], ""min"": ""130*130"", ""strokeW"": 1.5, ""data"": [{""x"": 294, ""y"": 906}, {""x"": 603, ""y"": 906}, {""x"": 603, ""y"": 1285}, {""x"": 294, ""y"": 1285}]}], ""classification"": []}","0","1619438165","0","0","0","0","0","0",,"Master.MR.1.RE/mrf_data/grundon/10/2020081012/",,"5951_937701.jpg","340744","1536","0","0","2048",,"0","0","0","0","0","0","https://jxxl-tagtag-juexing.oss-cn-hangzhou.aliyuncs.com/4020/2021/04/26/bff7d4c7f429c86ff6d867c3a3270394.jpg?x-oss-process=image/resize,m_lfit,h_100,w_100","''","0",
"2677107","8971","7795","1826103","https://jxxl-tagtag-juexing.oss-cn-hangzhou.aliyuncs.com/4020/2021/04/26/0e71a690c421ffd345134dac7cc36830.jpg","{""svgArr"": [{""name"": ""fines"", ""uuid"": ""8a34ed0d-7804-4692-9ae3-0ff1f9dcd8b7"", ""radius"": 3, ""isFilling"": ""False"", ""related"": [], ""id"": ""d8f0331f-b84e-4be5-b274-6fe5e8b606b5"", ""color"": ""#468f00"", ""subarea"": 1, ""tool"": ""rectangle"", ""isClosed"": ""True"", ""mustShow"": ""False"", ""secondaryLabel"": [], ""min"": ""130*130"", ""strokeW"": 1.5, ""data"": [{""x"": 994, ""y"": 255}, {""x"": 1642, ""y"": 255}, {""x"": 1642, ""y"": 918}, {""x"": 994, ""y"": 918}]}], ""classification"": []}","0","1619438165","0","0","0","0","0","0",,"Master.MR.1.RE/mrf_data/grundon/10/2020081012/",,"5955_398835.jpg","358502","1536","0","0","2048",,"0","0","0","0","0","0","https://jxxl-tagtag-juexing.oss-cn-hangzhou.aliyuncs.com/4020/2021/04/26/0e71a690c421ffd345134dac7cc36830.jpg?x-oss-process=image/resize,m_lfit,h_100,w_100","''","0",
